Código Agente;Código Agente i-SIMP;CNPJ;Nome Reduzido;Razão Social;Endereço da Matriz;Bairro;Municipio;UF;CEP;Situação;Início da Situação;Data Publicação;Tipo de Ato;Tipo de Autorização;Número do Ato
1186;1001317309;01.317.309/0001-72;CHARRUA;DISTRIBUIDORA DE PRODUTOS DE PETRÓLEO CHARRUA LTDA;AVENIDA PRESIDENTE VARGAS, 3.860;CENTRO;ESTEIO;RS;98260-006;AUTORIZADA;09/03/2017;09/03/2017;AUTORIZAÇÃO;AUTORIZAÇÃO DE EXERCÍCIO DE ATIVIDADE;81
1336;1000326969;00.326.969/0001-57;MAXSUL;MAXSUL DISTRIBUIDORA DE COMBUSTÍVEIS LTDA.;RODOVIA SC 480, 4445 E;DISTRITO INDUSTRIAL;CHAPECO;SC;89801-973;AUTORIZADA;21/07/2003;30/09/2015;AUTORIZAÇÃO;AUTORIZAÇÃO DE EXERCÍCIO DE ATIVIDADE;958
1349;1002275017;02.275.017/0001-87;MAR AZUL;MAR AZUL DISTRIBUIDORA DE COMBUSTIVEIS LTDA;RODOVIA BR 364, S/N;DISTRITO INDUSTRIAL;CUIABA;MT;78088-800;AUTORIZADA;06/04/2001;04/10/2017;AUTORIZAÇÃO;AUTORIZAÇÃO DE EXERCÍCIO DE ATIVIDADE;655
1499;1007192860;07.192.860/0001-13;ALFA PETRÓLEO;ALFA DISTRIBUIDORA DE PETRÓLEO LTDA.;RUA   O, S/N;DISTRITO INDUSTRIAL;CUIABA;MT;78098-410;AUTORIZADA;14/06/2005;19/10/2016;AUTORIZAÇÃO;AUTORIZAÇÃO DE EXERCÍCIO DE ATIVIDADE;526
1500;1006240179;06.240.179/0001-30;IMPERIAL;IMPERIAL DISTRIBUIDORA DE PETRÓLEO LTDA.;RODOVIA DOS IMIGRANTES, S/N;JEANNE;VARZEA GRANDE;MT;78132-400;AUTORIZADA;21/06/2005;24/11/2015;AUTORIZAÇÃO;AUTORIZAÇÃO DE EXERCÍCIO DE ATIVIDADE;1072
1073;1001256137;01.256.137/0001-74;RIO BRANCO;DISTRIBUIDORA RIO BRANCO DE PETRÓLEO LTDA.;RODOVIA BR-381 FERNAO DIAS, S/N;DISTRITO INDUSTRIAL JARDIM PIEMONT NORTE;BETIM;MG;32689-898;AUTORIZADA;30/03/2015;30/03/2015;AUTORIZAÇÃO;AUTORIZAÇÃO DE EXERCÍCIO DE ATIVIDADE;179
1118;1003609381;03.609.381/0001-07;GP;GP DISTRIBUIDORA DE COMBUSTÍVEIS S/A.;RUA LIDIA CAMARGO ZAMPIERI, 1438;TINDIQUERA;ARAUCARIA;PR;83708-135;AUTORIZADA;21/10/2002;19/08/2015;AUTORIZAÇÃO;AUTORIZAÇÃO DE EXERCÍCIO DE ATIVIDADE;854
1122;1001557353;01.557.353/0010-40;PETROSERRA;PETROSERRA DISTRIBUIDORA DE PETRÓLEO LTDA;Rua Álvares Cabral, 09;Centro;JEQUIE;BA;45203-040;AUTORIZADA;11/01/2016;12/07/2016;AUTORIZAÇÃO;AUTORIZAÇÃO DE EXERCÍCIO DE ATIVIDADE;347
837;1033337122;33.337.122/0001-27;IPIRANGA;IPIRANGA PRODUTOS DE PETRÓLEO S.A;RUA   FRANCISCO EUGENIO, 329;SAO CRISTOVAO;RIO DE JANEIRO;RJ;20941-900;AUTORIZADA;15/09/2015;15/09/2015;AUTORIZAÇÃO;AUTORIZAÇÃO DE EXERCÍCIO DE ATIVIDADE;921
247602;1008892436;08.892.436/0001-44;FLEXPETRO;FLEXPETRO DISTRIBUIDORA DE DERIVADOS DE PETRÓLEO S.A.;RUA   LUIZ FRANCESCHI, 666;THOMAZ COELHO;ARAUCARIA;PR;83707-070;AUTORIZADA;07/05/2008;21/10/2015;AUTORIZAÇÃO;AUTORIZAÇÃO DE EXERCÍCIO DE ATIVIDADE;999
300334;1011428668;11.428.668/0003-12;REALCOOL;REALCOOL DISTRIBUIDORA DE PETROLEO LTDA.;AV ORLANDO FRUCCHI, 601;DAS ANTAS;DRACENA;SP;17900-000;AUTORIZADA;20/08/2010;31/07/2020;AUTORIZAÇÃO;AUTORIZAÇÃO DE EXERCÍCIO DE ATIVIDADE;518
1416;1005673133;05.673.133/0001-42;SR BRASIL (EX-METRON);SR BRASIL PETRÓLEO LTDA.;AV. NITERÓI C/ COPACABANA, S/N.º;SETOR COMERCIAL;SENADOR CANEDO;GO;75250-000;AUTORIZADA;08/09/2014;21/10/2016;AUTORIZAÇÃO;AUTORIZAÇÃO DE EXERCÍCIO DE ATIVIDADE;542
367031;1011775945;11.775.945/0001-00;YPETRO;YPETRO DISTRIBUIDORA DE COMBUSTIVEIS S.A.;AVENIDA QUARTO ANEL VIARIO, S/N;JACANAU;MARACANAU;CE;61915-300;AUTORIZADA;11/08/2015;11/08/2015;AUTORIZAÇÃO;AUTORIZAÇÃO DE EXERCÍCIO DE ATIVIDADE;832
511134;1057450090;57.450.090/0001-30;PETROTORQUE;PETROTORQUE JC DISTRIBUIDORA DE COMBUSTIVEIS LTDA;Estrada Municipal que liga Paraíso a Palmares Paulista, S/N;Centro;PARAISO;SP;15825-000;AUTORIZADA;09/04/2020;09/04/2020;AUTORIZAÇÃO;AUTORIZAÇÃO DE EXERCÍCIO DE ATIVIDADE;225
436636;1003851841;03.851.841/0001-09;ECOMAT;ECOMAT - ECOLÓGICA MATO GROSSO INDÚSTRIA E COMÉRCIO LTDA.;RUA L, S/N.°;DISTRITO INDUSTRIAL;CUIABA;MT;78015-285;AUTORIZADA;26/08/2016;26/08/2016;AUTORIZAÇÃO;AUTORIZAÇÃO DE EXERCÍCIO DE ATIVIDADE;409
537264;1039334434;39.334.434/0001-63;START PETROLEO;START PETROLEO S.A.;ROD DA BALSINHA, SN;ZONA RURAL;IGUATEMI;MS;79960-000;AUTORIZADA;13/04/2023;13/04/2023;AUTORIZAÇÃO;AUTORIZAÇÃO DE EXERCÍCIO DE ATIVIDADE;265
1096;1003908643;03.908.643/0001-26;WATT;WATT DISTRIBUIDORA BRASILEIRA DE COMBUSTÍVEIS E DERIVADOS DE PETRÓLEO LTDA;RODOVIA BR 364, S/N;DISTRITO INDUSTRIAL;CUIABA;MT;78098-000;AUTORIZADA;27/11/2006;16/06/2015;AUTORIZAÇÃO;AUTORIZAÇÃO DE EXERCÍCIO DE ATIVIDADE;562
838;1033453598;33.453.598/0001-23;RAIZEN;RAIZEN S.A.;Avenida Afonso Arinos de Melo Franco, 00222;Barra da Tijuca;RIO DE JANEIRO;RJ;22631-455;AUTORIZADA;06/05/2016;06/05/2016;AUTORIZAÇÃO;AUTORIZAÇÃO DE EXERCÍCIO DE ATIVIDADE;244
1273;1086910148;86.910.148/0001-89;DIBRAPE;DIBRAPE DISTRIBUIDORA BRASILEIRA DE PETRÓLEO LTDA.;RUA MARCIONILO DOS SANTOS, 1450;CORTICEIRA;GUARAMIRIM;SC;89270-000;AUTORIZADA;23/04/2015;23/04/2015;AUTORIZAÇÃO;AUTORIZAÇÃO DE EXERCÍCIO DE ATIVIDADE;313
1332;1005482271;05.482.271/0001-44;PETROX DISTRIBUIDORA;PETROX DISTRIBUIDORA LTDA.;Rodovia BR-235, S/N;Sobrado;NOSSA SENHORA DO SOCORRO;SE;49158-622;AUTORIZADA;27/05/2003;03/08/2023;AUTORIZAÇÃO;AUTORIZAÇÃO DE EXERCÍCIO DE ATIVIDADE;584
1333;1004414127;04.414.127/0001-08;RM PETROLEO;RM PETRÓLEO LTDA;AVENIDA ANTÔNIO FADIN, 751;BONFIM;PAULINIA;SP;13140-000;AUTORIZADA;20/06/2003;23/09/2015;AUTORIZAÇÃO;AUTORIZAÇÃO DE EXERCÍCIO DE ATIVIDADE;936
1461;1005759383;05.759.383/0018-48;TOBRAS;TOBRAS DISTRIBUIDORA DE COMBUSTÍVEIS LTDA.;Rua   Miguel de Cervantes, 215;Campos Elíseos;DUQUE DE CAXIAS;RJ;25225-762;AUTORIZADA;30/12/2004;27/02/2018;AUTORIZAÇÃO;AUTORIZAÇÃO DE EXERCÍCIO DE ATIVIDADE;138
1508;1007013489;07.013.489/0001-85;ACOL;ACOL DISTRIBUIDORA DE COMBUSTÍVEIS LTDA.;RUA CESAR BOARETO, 287;PARQUE DAS GAMELEIRAS;UBERABA;MG;38031-290;AUTORIZADA;22/08/2005;10/11/2021;AUTORIZAÇÃO;AUTORIZAÇÃO DE EXERCÍCIO DE ATIVIDADE;717
1054;1001241994;01.241.994/0003-62;TDC DISTRIBUIDORA;TDC DISTRIBUIDORA DE COMBUSTÍVEIS S/A.;Rua   Antônio Lumack do Monte, 96;Boa Viagem;RECIFE;PE;51020-350;AUTORIZADA;17/05/2017;12/12/2018;AUTORIZAÇÃO;AUTORIZAÇÃO DE EXERCÍCIO DE ATIVIDADE;1222
1070;1002805889;02.805.889/0001-00;LARCO;LARCO COMERCIAL DE PRODUTOS DE PETRÓLEO LTDA.;Rua   Arthur de Azevêdo Machado, 1459;Stiep;SALVADOR;BA;41770-790;AUTORIZADA;17/02/2016;17/02/2016;AUTORIZAÇÃO;AUTORIZAÇÃO DE EXERCÍCIO DE ATIVIDADE;59
1075;1004138529;04.138.529/0001-27;MONTE CABRAL;MONTE CABRAL DISTRIBUIDORA DE COMBUSTÍVEIS LTDA.;AVENIDA DOUTOR CARDOSO DE MELO, 1470;VILA OLIMPIA;SAO PAULO;SP;00967-285;AUTORIZADA;28/03/2003;04/04/2017;AUTORIZAÇÃO;AUTORIZAÇÃO DE EXERCÍCIO DE ATIVIDADE;134
1171;1001902563;01.902.563/0001-38;TORRAO;DISTRIBUIDORA DE COMBUSTÍVEL TORRÃO LTDA.;RUA  DA CARPAS, 60;PARQUE RESIDENCIAL AQUARIUS;SAO JOSE DOS CAMPOS;SP;12246-292;AUTORIZADA;08/10/2015;08/10/2015;AUTORIZAÇÃO;AUTORIZAÇÃO DE EXERCÍCIO DE ATIVIDADE;973
322438;1011361333;11.361.333/0001-62;PETROSALVADOR;PETROSALVADOR DISTRIBUIDORA DE COMBUSTÍVEIS LTDA.;ENGENHO REDEMOINHO, S/N°;ZONA RURAL;CHA DE ALEGRIA;PE;55835-000;AUTORIZADA;19/05/2011;06/04/2017;AUTORIZAÇÃO;AUTORIZAÇÃO DE EXERCÍCIO DE ATIVIDADE;137
1605;1007115453;07.115.453/0001-02;CENTRO OESTE;CENTRO OESTE BRASIL PETRÓLEO LTDA.;DA CAPELINHA, 1.506;CAPELA DO PIÇARRÃO;VARZEA GRANDE;MT;78132-210;AUTORIZADA;04/03/2016;19/02/2016;AUTORIZAÇÃO;AUTORIZAÇÃO DE EXERCÍCIO DE ATIVIDADE;61
261685;2008944957;08.944.957/0003-60;PETROWORLD;PETROWORLD COMBUSTÍVEIS S/A.;Avenida   Tropical, 813;Distrito Industrial Brasil Central;SENADOR CANEDO;GO;75251-722;AUTORIZADA;05/02/2020;22/03/2021;AUTORIZAÇÃO;AUTORIZAÇÃO DE EXERCÍCIO DE ATIVIDADE;155
322347;1010775497;10.775.497/0002-54;FLAGLER;FLAGLER COMBUSTIVEIS S/A;Rua   Monroe, 515;Vila Actura;DUQUE DE CAXIAS;RJ;25225-040;AUTORIZADA;09/01/2023;09/01/2023;AUTORIZAÇÃO;AUTORIZAÇÃO DE EXERCÍCIO DE ATIVIDADE;20
558014;1047993239;47.993.239/0001-73;GASTECH PETROLEO;GASTECH PETROLEO DISTRIBUIDORA DE COMBUSTIVEIS LTDA;COND ENGENHO REDEMOINHO, SN;ZONA RURAL;CHA DE ALEGRIA;PE;55835-000;AUTORIZADA;07/03/2023;07/03/2023;AUTORIZAÇÃO;AUTORIZAÇÃO DE EXERCÍCIO DE ATIVIDADE;154
279217;1009371943;09.371.943/0004-48;PETRONOL;PETRONOL DISTRIBUIDORA DE PETRÓLEO E ETANOL LTDA.;ROD BR 116, S/N;SUICA;JEQUIE;BA;45207-466;AUTORIZADA;20/12/2022;20/12/2022;AUTORIZAÇÃO;AUTORIZAÇÃO DE EXERCÍCIO DE ATIVIDADE;966
470577;1007857168;07.857.168/0001-67;SIM DISTRIBUIDOR;SIM DISTRIBUIDORA DE COMBUSTIVEIS LTDA;AV PRESIDENTE VARGAS, 3700;SAO SEBASTIAO;ESTEIO;RS;93265-542;AUTORIZADA;29/03/2018;29/03/2018;AUTORIZAÇÃO;AUTORIZAÇÃO DE EXERCÍCIO DE ATIVIDADE;273
555624;1002780845;02.780.845/0002-53;E. A.;E. A. - ENERGIA AVANCADA LTDA;ROD DA BALSINHA, S/N;ZONA RURAL;IGUATEMI;MS;79960-000;AUTORIZADA;15/09/2022;15/09/2022;AUTORIZAÇÃO;AUTORIZAÇÃO DE EXERCÍCIO DE ATIVIDADE;658
1452;1006536758;06.536.758/0001-25;DIRECIONAL;DIRECIONAL DISTRIBUIDORA DE DERIVADOS DE PETRÓLEO LTDA.;Rua Almirante  Grenfall, 405;Parque Duque;DUQUE DE CAXIAS;RJ;25085-135;AUTORIZADA;27/05/2021;27/05/2021;AUTORIZAÇÃO;AUTORIZAÇÃO DE EXERCÍCIO DE ATIVIDADE;302
548714;1044257742;44.257.742/0001-72;IGUATEMI PETROLEO;IGUATEMI PETROLEO LTDA;ROD DA BALSINHA, SN;ZONA RURAL;IGUATEMI;MS;79960-000;AUTORIZADA;13/04/2022;13/04/2022;AUTORIZAÇÃO;AUTORIZAÇÃO DE EXERCÍCIO DE ATIVIDADE;213
280462;1010383235;10.383.235/0001-63;EVEREST;EVEREST DISTRIBUIDORA DE DERIVADOS DE PETRÓLEO LTDA;Via de Acesso a BR-135 - Avenida Emiliano Macieira, 100;Vila Maranhão;SAO LUIS;MA;65091-320;AUTORIZADA;25/07/2017;24/07/2017;AUTORIZAÇÃO;AUTORIZAÇÃO DE EXERCÍCIO DE ATIVIDADE;402
548723;1032828561;32.828.561/0001-70;PETROBRASIL;PETROBRASIL DISTRIBUIDORA DE PETROLEO LTDA;ROD DA BALSINHA LADO DIREITO - 04 KM, KM 18;ZONA RURAL;IGUATEMI;MS;79960-000;AUTORIZADA;12/03/2024;12/03/2024;AUTORIZAÇÃO;AUTORIZAÇÃO DE EXERCÍCIO DE ATIVIDADE;146
1420;1005470445;05.470.445/0001-59;PETROGOIAS;PETROGOIÁS DISTRIBUIDORA DE PETRÓLEO LTDA.;Rua   Copacabana, S/N;Setor Comercial;SENADOR CANEDO;GO;75250-113;AUTORIZADA;20/01/2025;20/01/2025;AUTORIZAÇÃO;AUTORIZAÇÃO DE EXERCÍCIO DE ATIVIDADE;34
1184;1001125282;01.125.282/0001-16;PETROBAHIA;PETROBAHIA S/A;Rua Arthur de Azevêdo Machado, 1225;Stiep;SALVADOR;BA;41770-790;AUTORIZADA;17/05/2017;26/04/2024;AUTORIZAÇÃO;AUTORIZAÇÃO DE EXERCÍCIO DE ATIVIDADE;229
1251;1080795727;80.795.727/0001-41;POTENCIAL;POTENCIAL PETRÓLEO LTDA;AVENIDA DAS ARAUCÁRIAS, 5.400;THOMAZ COELHO;ARAUCARIA;PR;83750-000;AUTORIZADA;14/09/2009;19/11/2015;AUTORIZAÇÃO;AUTORIZAÇÃO DE EXERCÍCIO DE ATIVIDADE;1067
1343;1000942246;00.942.246/0001-82;SIMARELLI;SIMARELLI DISTRIBUIDORA DE DERIVADOS DE PETRÓLEO LTDA.;Rodovia Anhanguera, km 185,5, S/N;Jardim Nova Leme;LEME;SP;13612-200;AUTORIZADA;17/12/2015;17/12/2015;AUTORIZAÇÃO;AUTORIZAÇÃO DE EXERCÍCIO DE ATIVIDADE;1103
1375;1001799935;01.799.935/0001-42;RAIZEN MIME;RAIZEN MIME COMBUSTIVEIS S/A.;RUA MANOEL FRANCISCO DA COSTA, 2000;VIEIRA;JARAGUA DO SUL;SC;89257-000;AUTORIZADA;26/09/2002;21/12/2015;AUTORIZAÇÃO;AUTORIZAÇÃO DE EXERCÍCIO DE ATIVIDADE;1107
1426;1068110501;68.110.501/0001-64;TOWER;TOWER BRASIL PETRÓLEO LTDA.;Rua   Alcides Longhi, 220;Sanvitto;CAXIAS DO SUL;RS;95012-348;AUTORIZADA;21/10/2015;04/11/2020;AUTORIZAÇÃO;AUTORIZAÇÃO DE EXERCÍCIO DE ATIVIDADE;788
1427;1003980754;03.980.754/0003-05;REDEPETRO;REDEPETRO DISTRIBUIDORA DE PETRÓLEO LTDA.;RODOVIA ALEXANDRE BALBO - SP 328, S/Nº;SÍTIO GELOTTI;RIBEIRAO PRETO;SP;14057-800;AUTORIZADA;16/05/2007;03/03/2020;AUTORIZAÇÃO;AUTORIZAÇÃO DE EXERCÍCIO DE ATIVIDADE;110
1465;1006278750;06.278.750/0001-06;SANTA LUCIA;SANTA LUCIA DISTRIBUIDORA DE COMBUSTIVEIS LTDA;RODOVIA RST 287, S/N.º;CAMOBI;SANTA MARIA;RS;97060-500;AUTORIZADA;13/03/2007;04/11/2015;AUTORIZAÇÃO;AUTORIZAÇÃO DE EXERCÍCIO DE ATIVIDADE;1036
1061;1058823121;58.823.121/0001-13;DUVALE;DUVALE DISTRIBUIDORA DE PETRÓLEO E ÁLCOOL LTDA.;R BRASIL AUTO FURQUINI, 401;INDUSTRIAL ADIB RASSI;JARDINOPOLIS;SP;14680-000;AUTORIZADA;04/06/2020;04/06/2020;AUTORIZAÇÃO;AUTORIZAÇÃO DE EXERCÍCIO DE ATIVIDADE;384
1163;1002299645;02.299.645/0001-00;HORA;HORA DISTRIBUIDORA DE PETRÓLEO LTDA.;RUA Getúlio Vargas, 3233;Santa Mônica;FEIRA DE SANTANA;BA;44077-005;AUTORIZADA;06/11/2015;25/10/2021;AUTORIZAÇÃO;AUTORIZAÇÃO DE EXERCÍCIO DE ATIVIDADE;674
397236;1019700983;19.700.983/0001-05;MIDAS;MIDAS DISTRIBUIDORA DE COMBUSTIVEIS S.A.;RODOVIA ALEXANDRE BALBO, S/N;ENGENHEIRO CARLOS DE LACERDA CHAVES;RIBEIRAO PRETO;SP;14057-800;AUTORIZADA;03/09/2014;16/09/2016;AUTORIZAÇÃO;AUTORIZAÇÃO DE EXERCÍCIO DE ATIVIDADE;465
392205;1016978251;16.978.251/0001-85;RAVATO;RAVATO DISTRIBUIDORA DE COMBUSTIVEIS LTDA.;RUA JOÃO BETTEGA, 2873;DISTRITO INDUSTRIAL;SAO MATEUS DO SUL;PR;83900-000;AUTORIZADA;21/05/2014;23/07/2015;AUTORIZAÇÃO;AUTORIZAÇÃO DE EXERCÍCIO DE ATIVIDADE;734
1232;1000466187;00.466.187/0001-13;FÉLIX;FÉLIX DISTRIBUIDORA DE COMBUSTÍVEIS LTDA;Rodovia da Balsinha, S/N;ZONA RURAL;IGUATEMI;MS;79960-000;AUTORIZADA;21/06/2021;21/06/2021;AUTORIZAÇÃO;AUTORIZAÇÃO DE EXERCÍCIO DE ATIVIDADE;351
479784;1030630087;30.630.087/0001-41;BV;BV DISTRIBUIDORA DE COMBUSTÍVEIS LTDA;Avenida   Estocolmo, 1438;Cascata;PAULINIA;SP;13146-067;AUTORIZADA;05/09/2018;05/09/2018;AUTORIZAÇÃO;AUTORIZAÇÃO DE EXERCÍCIO DE ATIVIDADE;999
521188;1037779606;37.779.606/0001-87;GAZ PRIME;GAZ PRIME DISTRIBUIDORA DE COMBUSTIVEIS LTDA;RODOVIA DA BALSINHA, S/N;ZONA RURAL;IGUATEMI;MS;79960-000;AUTORIZADA;12/11/2020;12/11/2020;AUTORIZAÇÃO;AUTORIZAÇÃO DE EXERCÍCIO DE ATIVIDADE;812
479216;1008768527;08.768.527/0001-72;SADA COMBUSTÍVEIS;SADA COMBUSTÍVEIS LTDA;Lote 3022 D ¿ Gleba 1, Gleba 1;Centro;JAIBA;MG;39508-000;AUTORIZADA;23/08/2018;23/08/2018;AUTORIZAÇÃO;AUTORIZAÇÃO DE EXERCÍCIO DE ATIVIDADE;709
344552;1011898169;11.898.169/0001-27;GREEN;GREEN DISTRIBUIDORA DE PETRÓLEO LTDA;Avenida doS Portugueses, 100;Itaqui;SAO LUIS;MA;65085-582;AUTORIZADA;30/10/2015;14/08/2019;AUTORIZAÇÃO;AUTORIZAÇÃO DE EXERCÍCIO DE ATIVIDADE;574
530459;1039783308;39.783.308/0001-96;WELLPETRO;WELLPETRO COMÉRCIO DE COMBUSTÍVEIS LTDA;Via   José Luiz Galvão, 2200;Bom Jesus;RIBEIRAO PRETO;SP;14058-000;AUTORIZADA;18/05/2021;18/05/2021;AUTORIZAÇÃO;AUTORIZAÇÃO DE EXERCÍCIO DE ATIVIDADE;275
551144;1044248274;44.248.274/0001-70;INTEGRACAO COMBUSTIVEIS;INTEGRACAO COMBUSTIVEIS LTDA;ROD DA BALSINHA, S/N;ZONA RURAL;IGUATEMI;MS;79960-000;AUTORIZADA;23/05/2022;23/05/2022;AUTORIZAÇÃO;AUTORIZAÇÃO DE EXERCÍCIO DE ATIVIDADE;304
1561;1035464692;35.464.692/0001-03;WEBPETRO;WEBPETRO DISTRIBUIDORA DE COMBUSTÍVEIS LTDA.;AVENIDA NITEROI COM COPACABANA, S/N;SETOR COMERCIAL;SENADOR CANEDO;GO;75250-005;AUTORIZADA;19/06/2017;19/06/2017;AUTORIZAÇÃO;AUTORIZAÇÃO DE EXERCÍCIO DE ATIVIDADE;299
555644;1039554973;39.554.973/0001-08;ORIZONA;ORIZONA COMBUSTIVEIS S/A;Avenida   Tropical, S/N;Distrito Industrial Brasil Central;SENADOR CANEDO;GO;75251-722;AUTORIZADA;15/09/2022;15/09/2022;AUTORIZAÇÃO;AUTORIZAÇÃO DE EXERCÍCIO DE ATIVIDADE;662
589130;1036154691;36.154.691/0001-25;AÇAI;ACAI PARA COMERCIO DE PETROLEO LTDA;LOT LOTE 369 GLEBA SANTA CRUZ B, 0;INTERIOR;RUROPOLIS;PA;68165-000;AUTORIZADA;20/12/2024;20/12/2024;AUTORIZAÇÃO;AUTORIZAÇÃO DE EXERCÍCIO DE ATIVIDADE;810
588271;1049871139;49.871.139/0001-08;ARAPETRO;ARAPETRO DISTRIBUIDORA DE COMBUSTIVEIS LTDA;EST. DIVANI, S/N;DAS CHÁCARAS;SINOP;MT;78559-899;AUTORIZADA;28/11/2024;18/11/2024;AUTORIZAÇÃO;AUTORIZAÇÃO DE EXERCÍCIO DE ATIVIDADE;708
129;5034274233;34.274.233/0001-02;VIBRA;VIBRA ENERGIA S.A;RUA  CORREIA VASQUES, 250;CIDADE NOVA;RIO DE JANEIRO;RJ;20211-140;AUTORIZADA;21/12/2015;21/12/2015;AUTORIZAÇÃO;AUTORIZAÇÃO DE EXERCÍCIO DE ATIVIDADE;1109
1185;1002639582;02.639.582/0001-86;TEMAPE;TEMAPE - TERMINAIS MARÍTIMOS DE PERNAMBUCO LTDA.;ZONA INDUSTRIAL PORTUÁRIA DE SUAPE, 0;PORTO DE SUAPE;IPOJUCA;PE;55590-000;AUTORIZADA;01/01/1900;14/10/2016;AUTORIZAÇÃO;AUTORIZAÇÃO DE EXERCÍCIO DE ATIVIDADE;522
1210;1003128979;03.128.979/0001-76;EQUADOR;DISTRIBUIDORA EQUADOR DE PRODUTOS DE PETRÓLEO LTDA.;RUA PAJURA, 895;BURITI;MANAUS;AM;69075-840;AUTORIZADA;21/12/2000;09/02/2017;AUTORIZAÇÃO;AUTORIZAÇÃO DE EXERCÍCIO DE ATIVIDADE;46
1217;1001911853;01.911.853/0001-48;MONTEPETRO;DISTRIBUIDORA MONTEPETRO DE PETRÓLEO LTDA.;Rua  do Prata, 1200;Chácaras Bonanza;UBERLANDIA;MG;38421-238;AUTORIZADA;17/12/2017;28/01/2021;AUTORIZAÇÃO;AUTORIZAÇÃO DE EXERCÍCIO DE ATIVIDADE;53
1225;1002886685;02.886.685/0001-40;PONTUAL;PONTUAL BRASIL PETRÓLEO LTDA;Rua Luiz Franceschi, 1040;Thomaz Coelho;ARAUCARIA;PR;83707-072;AUTORIZADA;29/09/2015;29/09/2015;AUTORIZAÇÃO;AUTORIZAÇÃO DE EXERCÍCIO DE ATIVIDADE;952
1228;1004169215;04.169.215/0001-91;SABBÁ;PETRÓLEO SABBÁ S.A.;RIO QUIXITO, 02;VILA BURITI;MANAUS;AM;69060-001;AUTORIZADA;19/02/2016;19/02/2016;AUTORIZAÇÃO;AUTORIZAÇÃO DE EXERCÍCIO DE ATIVIDADE;62
1259;1001466091;01.466.091/0021-61;CIAPETRO;CIAPETRO DISTRIBUIDORA DE COMBUSTÍVEIS LTDA;Avenida Souza Naves, 1060;Zona 02;CIANORTE;PR;87200-316;AUTORIZADA;16/11/2015;21/06/2021;AUTORIZAÇÃO;AUTORIZAÇÃO DE EXERCÍCIO DE ATIVIDADE;348
1299;1001387400;01.387.400/0001-64;SP;SP INDÚSTRIA E DISTRIBUIDORA DE PETRÓLEO LTDA;RUA LEITE BARBOSA, 191;MUCURIPE;FORTALEZA;CE;60180-420;AUTORIZADA;01/01/1900;22/07/2015;AUTORIZAÇÃO;AUTORIZAÇÃO DE EXERCÍCIO DE ATIVIDADE;727
1358;1000756149;00.756.149/0008-71;RUFF C.J.;RUFF CJ DISTRIBUIDORA DE PETRÓLEO LTDA;Rua   Paulo Cézar Fidélis, 39;Loteamento Residencial Vila Bella;CAMPINAS;SP;13087-727;AUTORIZADA;20/02/2015;30/07/2018;AUTORIZAÇÃO;AUTORIZAÇÃO DE EXERCÍCIO DE ATIVIDADE;650
1428;1003774231;03.774.231/0001-40;UNIBRASPE;UNIBRASPE BRASILEIRA DE PETRÓLEO S/A.;RUA LIDIA CAMARGO ZAMPIERI, 1438;TINDIQUERA;ARAUCARIA;PR;83708-135;AUTORIZADA;23/03/2004;14/04/2015;AUTORIZAÇÃO;AUTORIZAÇÃO DE EXERCÍCIO DE ATIVIDADE;296
1502;1001561464;01.561.464/0001-30;TRIANGULO;TRIANGULO DISTRIBUIDORA DE PETRÓLEO LTDA;MAMORÉ, 333;ALPHAVILLE;BARUERI;SP;06454-000;AUTORIZADA;06/11/2017;07/11/2017;AUTORIZAÇÃO;AUTORIZAÇÃO DE EXERCÍCIO DE ATIVIDADE;755
1258;1033461567;33.461.567/0001-14;MANGUINHOS;MANGUINHOS DISTRIBUIDORA S. A.;AVENIDA BRASIL, 3141;MANGUINHOS;RIO DE JANEIRO;RJ;20937-209;AUTORIZADA;05/06/2015;05/06/2015;AUTORIZAÇÃO;AUTORIZAÇÃO DE EXERCÍCIO DE ATIVIDADE;505
1095;1001683557;01.683.557/0001-37;SOLL;SOLL DISTRIBUIDORA DE PETRÓLEO LTDA;TANCREDO NEVES - CENTRO EMPRESARIAL IGUATEMI, 274;PITUBA;SALVADOR;BA;41820-020;AUTORIZADA;22/06/2009;30/09/2020;AUTORIZAÇÃO;AUTORIZAÇÃO DE EXERCÍCIO DE ATIVIDADE;691
291205;1008543600;08.543.600/0001-08;ECO;ECO DISTRIBUIDORA DE PETRÓLEO S/A;RUA N, S/N;DISTRITO INDUSTRIAL;CUIABA;MT;78098-400;AUTORIZADA;15/04/2010;20/06/2017;AUTORIZAÇÃO;AUTORIZAÇÃO DE EXERCÍCIO DE ATIVIDADE;315
278288;1007243624;07.243.624/0001-89;PETROQUALITY;PETROQUALITY DISTRIBUIDORA DE COMBUSTÍVEIS LTDA.;AVENIDA TROPICAL, S/N.°;;SENADOR CANEDO;GO;75250-000;AUTORIZADA;13/12/2019;13/12/2019;AUTORIZAÇÃO;AUTORIZAÇÃO DE EXERCÍCIO DE ATIVIDADE;948
561940;1041967089;41.967.089/0002-28;CARINTHIA;CARINTHIA DISTRIBUIDORA S.A.;EST BALSINHA, KM 18, LADO DIREiTO 04 KM, S/N;ZONA RURAL;IGUATEMI;MS;76960-000;AUTORIZADA;04/05/2023;04/05/2023;AUTORIZAÇÃO;AUTORIZAÇÃO DE EXERCÍCIO DE ATIVIDADE;323
483170;1026574808;26.574.808/0002-57;MEG;MEG DISTRIBUIDORA DE COMBUSTÍVEIS LTDA;Rua   Ernesto de Paula Santos, 187;Boa Viagem;RECIFE;PE;51021-330;AUTORIZADA;01/11/2018;18/06/2020;AUTORIZAÇÃO;AUTORIZAÇÃO DE EXERCÍCIO DE ATIVIDADE;405
515211;1036122677;36.122.677/0001-40;IMPERIO;IMPERIO COMERCIO DE PETROLEO LTDA;ROD DA BALSINHA, S/N;ZONA RURAL;IGUATEMI;MS;79960-000;AUTORIZADA;14/07/2020;14/07/2020;AUTORIZAÇÃO;AUTORIZAÇÃO DE EXERCÍCIO DE ATIVIDADE;471
551142;1044297367;44.297.367/0009-41;WK;WK PRODUTOS DE PETROLEO LTDA;R LEOPOLDINA SALGADO, 567;CENTRO;CERES;GO;76300-000;AUTORIZADA;23/05/2022;06/01/2025;AUTORIZAÇÃO;AUTORIZAÇÃO DE EXERCÍCIO DE ATIVIDADE;3
491847;1027587084;27.587.084/0001-68;ACAI PETROLEO;ACAI PETROLEO MATO GROSSO LTDA;RUA  DOS CAJUEIROS, S/N;Centro;GUARANTA DO NORTE;MT;78520-000;AUTORIZADA;05/04/2022;05/04/2022;AUTORIZAÇÃO;AUTORIZAÇÃO DE EXERCÍCIO DE ATIVIDADE;193
346398;1001617593;01.617.593/0001-00;MONVALLE;MONVALLE DISTRIBUIDORA DE PETROLEO LTDA;Rua Doutor  Eli Volpato, 600;Chapada;ARAUCARIA;PR;83707-746;AUTORIZADA;13/04/2023;13/04/2023;AUTORIZAÇÃO;AUTORIZAÇÃO DE EXERCÍCIO DE ATIVIDADE;268
565831;1049461328;49.461.328/0001-02;VELOX;VELOX DISTRIBUIDORA DE COMBUSTIVEIS LTDA;ROD DA BALSINHA, S/N;IGUATEMI;IGUATEMI;MS;79960-000;AUTORIZADA;29/06/2023;29/06/2023;AUTORIZAÇÃO;AUTORIZAÇÃO DE EXERCÍCIO DE ATIVIDADE;487
527988;3030743935;30.743.935/0001-29;MONTE ALEGRE COMBUSTIVEIS;MONTE ALEGRE COMBUSTIVEIS LTDA.;FAZ MONTE ALEGRE, S/N;USINA MONTE ALEGRE - ZONA RURAL;MONTE BELO;MG;37118-000;AUTORIZADA;01/12/2022;01/12/2000;AUTORIZAÇÃO;AUTORIZAÇÃO DE EXERCÍCIO DE ATIVIDADE;876
566130;1024347045;24.347.045/0001-03;BEST FUEL;BEST FUEL DISTRIBUIDORA DE PETROLEO LTDA;Avenida   Guaraná, 1446;Cascata;PAULINIA;SP;13146-025;AUTORIZADA;04/07/2023;13/11/2023;AUTORIZAÇÃO;AUTORIZAÇÃO DE EXERCÍCIO DE ATIVIDADE;871
1039;1004117163;04.117.163/0002-90;FLAG;FLAG DISTRIBUIDORA DE PETRÓLEO LTDA.;RUA JORGE SCHNEYDER FILHO, 3-99;PARQUE PAULISTA;BAURU;SP;17031-520;AUTORIZADA;22/11/2023;22/11/2023;AUTORIZAÇÃO;AUTORIZAÇÃO DE EXERCÍCIO DE ATIVIDADE;885
1221;1001787793;01.787.793/0001-01;IDAZA;IDAZA DISTRIBUIDORA DE PETRÓLEO LTDA;Rua Emiliano Perneta, 466;Centro;CURITIBA;PR;80420-080;AUTORIZADA;16/03/2017;08/03/2023;AUTORIZAÇÃO;AUTORIZAÇÃO DE EXERCÍCIO DE ATIVIDADE;159
1242;1001349764;01.349.764/0001-50;ROYAL FIC;ROYAL FIC DISTRIBUIDORA DE DERIVADOS DE PETRÓLEO S/A;COELHO LISBOA, 442;TATUAPÉ;SAO PAULO;SP;03321-000;AUTORIZADA;17/05/2017;17/05/2017;AUTORIZAÇÃO;AUTORIZAÇÃO DE EXERCÍCIO DE ATIVIDADE;217
1324;1097471676;97.471.676/0001-03;SAARA;DISTRIBUIDORA DE COMBUSTÍVEIS SAARA S.A.;Rodovia   BR-369, S/N.º;Cataratas;CASCAVEL;PR;85818-640;AUTORIZADA;18/07/2017;18/07/2017;AUTORIZAÇÃO;AUTORIZAÇÃO DE EXERCÍCIO DE ATIVIDADE;377
1440;1055483564;55.483.564/0007-00;SETTA DISTRIBUIDORA;SETTA COMBUSTIVEIS LTDA;AVENIDA MARECHAL MASCARENHAS DE MORAIS, 2525;IMBIRIBEIRA;RECIFE;PE;51150-001;AUTORIZADA;26/08/2004;20/04/2015;AUTORIZAÇÃO;AUTORIZAÇÃO DE EXERCÍCIO DE ATIVIDADE;308
1450;1001595949;01.595.949/0001-44;ATLANTA;ATLANTA DISTRIBUIDORA DE PETRÓLEO LTDA.;Avenida Onofre Quinan, 763;SÍTIO BOM JESUS;PAULINIA;SP;13140-000;AUTORIZADA;28/10/2004;09/03/2017;AUTORIZAÇÃO;AUTORIZAÇÃO DE EXERCÍCIO DE ATIVIDADE;80
1024;1002494950;02.494.950/0001-45;SULPETRO;DISTRIBUIDORA SUL DE PETRÓLEO LTDA.;RUA HILÁRIO JOSÉ DE MELO, S/N;REVOREDO;TUBARAO;SC;88704-780;AUTORIZADA;14/12/2017;14/12/2017;AUTORIZAÇÃO;AUTORIZAÇÃO DE EXERCÍCIO DE ATIVIDADE;859
1027;1001083568;01.083.568/0001-86;LIDERPETRO;LIDERPETRO DISTRIBUIDORA DE PETRÓLEO LTDA;AV ALDO BORGES LEAO, 4911;MORADA NOVA;UBERLANDIA;MG;38412-739;AUTORIZADA;08/02/2017;08/02/2017;AUTORIZAÇÃO;AUTORIZAÇÃO DE EXERCÍCIO DE ATIVIDADE;45
1113;1000209895;00.209.895/0001-79;RDP ENERGIA;RDP ENERGIA LTDA;MATEUS LEME, 4360;SÃO LOURENÇO;CURITIBA;PR;82200-000;AUTORIZADA;03/08/2015;03/08/2015;AUTORIZAÇÃO;AUTORIZAÇÃO DE EXERCÍCIO DE ATIVIDADE;813
1131;1002293021;02.293.021/0001-78;JACAR;JACAR DISTRIBUIDORA DE PETRÓLEO LTDA.;RUA ULISSES POMPEU DE CAMPOS, 1058;JARDIM AMÉRICA;VARZEA GRANDE;MT;78110-600;AUTORIZADA;02/02/2001;20/06/2017;AUTORIZAÇÃO;AUTORIZAÇÃO DE EXERCÍCIO DE ATIVIDADE;314
1174;1002123223;02.123.223/0001-71;PETRONAC;PETRONAC DISTRIBUIDORA NACIONAL DE DERIVADOS DE PETRÓLEO E ALCOOL LTDA;AVENIDA SENADOR ONOFRE QUINAN, 763;CASCATA;PAULINIA;SP;13140-000;AUTORIZADA;03/08/2015;03/08/2015;AUTORIZAÇÃO;AUTORIZAÇÃO DE EXERCÍCIO DE ATIVIDADE;811
304769;1009565834;09.565.834/0001-19;TAG DISTRIBUIDORA;TAG DISTRIBUIDORA DE COMBUSTÍVEIS S/A.;Avenida Mato Grosso, 3670;Vivendas do Bosque;CAMPO GRANDE;MS;79021-003;AUTORIZADA;11/10/2010;26/03/2020;AUTORIZAÇÃO;AUTORIZAÇÃO DE EXERCÍCIO DE ATIVIDADE;168
311202;1011325330;11.325.330/0001-73;STANG;STANG DISTRIBUIDORA DE PETRÓLEO LTDA.;RUA DOUTOR  ELI VOLPATO, 948;CHAPADA;ARAUCARIA;PR;83707-720;AUTORIZADA;10/01/2011;13/01/2016;AUTORIZAÇÃO;AUTORIZAÇÃO DE EXERCÍCIO DE ATIVIDADE;15
250041;1009250921;09.250.921/0001-87;ON PETRO;ON PETRO - DISTRIBUIDORA DE COMBUSTÍVEIS LTDA;RUA DR. ELI VOLPATO, 600;CHAPADA;ARAUCARIA;PR;83700-970;AUTORIZADA;30/04/2008;04/03/2016;AUTORIZAÇÃO;AUTORIZAÇÃO DE EXERCÍCIO DE ATIVIDADE;94
1683;1009158456;09.158.456/0001-59;PHOENIX;PHOENIX DISTRIBUIDORA DE COMBUSTÍVEIS LTDA.;AVENIDA TROPICAL, S/Nº;DISTRITO INDUSTRIAL BRASIL CENTRAL;SENADOR CANEDO;GO;75250-000;AUTORIZADA;17/07/2008;19/10/2021;AUTORIZAÇÃO;AUTORIZAÇÃO DE EXERCÍCIO DE ATIVIDADE;661
349409;1009596665;09.596.665/0001-84;MAX DISTRIBUIDORA;MAX DISTRIBUIDORA DE PETRÓLEO LTDA.;AVENIDA NITERÓI COM COPACABANA, S/N°;INDUSTRIAL;SENADOR CANEDO;GO;75250-000;AUTORIZADA;11/05/2012;09/12/2015;AUTORIZAÇÃO;AUTORIZAÇÃO DE EXERCÍCIO DE ATIVIDADE;1091
366659;1010204914;10.204.914/0001-28;COPERCANA;COPERCANA DISTRIBUIDORA DE COMBUSTIVEIS LTDA;RODOVIA ALEXANDRE BALBO (SP 328), KM 329;ENGENHEIRO CARLOS DE LACERDA CHAVES;RIBEIRAO PRETO;SP;14057-800;AUTORIZADA;07/02/2013;13/10/2016;AUTORIZAÇÃO;AUTORIZAÇÃO DE EXERCÍCIO DE ATIVIDADE;515
470882;1026723599;26.723.599/0001-85;BRASPETRO;BRASPETRO DISTRIBUIDORA DE PETROLEO LTDA.;R JC 19, 492;RESIDENCIAL JARDIM CANEDO II;SENADOR CANEDO;GO;75250-292;AUTORIZADA;04/04/2018;04/04/2018;AUTORIZAÇÃO;AUTORIZAÇÃO DE EXERCÍCIO DE ATIVIDADE;287
479785;1030474838;30.474.838/0001-88;ALL;ALL DISTRIBUIDORA DE COMBUSTÍVEIS EIRELI;Avenida   Estocolmo, 1438;Cascata;PAULINIA;SP;13146-067;AUTORIZADA;05/09/2018;10/05/2021;AUTORIZAÇÃO;AUTORIZAÇÃO DE EXERCÍCIO DE ATIVIDADE;243
546627;1043347575;43.347.575/0001-98;ARKA;ARKA DISTRIBUIDORA DE COMBUSTIVEIS EIRELI;ROD DA BALSINHA, S/N;ZONA RURAL;IGUATEMI;MS;79960-000;AUTORIZADA;08/03/2022;08/03/2022;AUTORIZAÇÃO;AUTORIZAÇÃO DE EXERCÍCIO DE ATIVIDADE;133
286658;1008569652;08.569.652/0001-53;GASOIL;GASOIL DISTRIBUIDORA DE PETROLEO LTDA;RODOVIA ALEXANDRE BALBO, S/N;ENGENHEIRO CARLOS DE LACERDA CHAVES;RIBEIRAO PRETO;SP;14057-800;AUTORIZADA;15/09/2021;15/09/2021;AUTORIZAÇÃO;AUTORIZAÇÃO DE EXERCÍCIO DE ATIVIDADE;560
488781;1019924948;19.924.948/0001-61;VAISHIA;VAISHIA DISTRIBUIDORA E TRANSPORTADORA DE COMBUSTIVEIS EIRELI;Rua Emilio Barbosa da Silva, 196;Jardim Alvorada;JANDIRA;SP;06612-285;AUTORIZADA;14/07/2020;14/07/2020;AUTORIZAÇÃO;AUTORIZAÇÃO DE EXERCÍCIO DE ATIVIDADE;475
553992;1046201869;46.201.869/0006-00;ARGEMIL;ARGEMIL DISTRIBUIDORA DE COMBUSTIVEIS E ARMAZENS GERAIS S/A.;Rua   Alexandre Gusmão, 11;Valongo;SANTOS;SP;11010-340;AUTORIZADA;07/07/2022;06/01/2023;AUTORIZAÇÃO;AUTORIZAÇÃO DE EXERCÍCIO DE ATIVIDADE;16
575531;1045790949;45.790.949/0001-70;PORT BRAZIL;PORT BRAZIL DISTRIBUIDORA DE COMBUSTIVEIS LTDA;Via   José Luiz Galvão, 2200;Bom Jesus;RIBEIRAO PRETO;SP;14058-000;AUTORIZADA;10/01/2024;10/01/2024;AUTORIZAÇÃO;AUTORIZAÇÃO DE EXERCÍCIO DE ATIVIDADE;7
251574;1001228749;01.228.749/0001-53;PETRO DALLAS;PETRO DALLAS DO BRASIL LTDA.;Avenida   Airton Borges da Silva, 1279;Distrito Industrial;UBERLANDIA;MG;38402-333;AUTORIZADA;03/08/2023;03/08/2023;AUTORIZAÇÃO;AUTORIZAÇÃO DE EXERCÍCIO DE ATIVIDADE;587
576775;1033823764;33.823.764/0001-36;ECONOMY DISTRIBUIDORA;ECONOMY DISTRIBUIDORA DE PETROLEO LTDA;Rodovia Papa  João Paulo II, 969;Três Poços;VOLTA REDONDA;RJ;27240-559;AUTORIZADA;09/05/2024;09/05/2024;AUTORIZAÇÃO;AUTORIZAÇÃO DE EXERCÍCIO DE ATIVIDADE;267
1331;1005380369;05.380.369/0001-90;FAN;FAN - DISTRIBUIDORA DE PETRÓLEO LTDA.;BR 304, S/N;ALTO DO SUMARÉ;MOSSORO;RN;59633-550;AUTORIZADA;27/05/2003;28/07/2017;AUTORIZAÇÃO;AUTORIZAÇÃO DE EXERCÍCIO DE ATIVIDADE;424
1385;1001452651;01.452.651/0001-85;TAURUS;TAURUS DISTRIBUIDORA DE PETRÓLEO LTDA;RODOVIA BR 163, S/N;ZONA RURAL;DOURADOS;MS;79804-970;AUTORIZADA;16/11/2015;16/11/2015;AUTORIZAÇÃO;AUTORIZAÇÃO DE EXERCÍCIO DE ATIVIDADE;1057
1410;1004201170;04.201.170/0001-95;CARBOPETRO;CARBOPETRO DISTRIBUIDORA DE PETRÓLEO LTDA.;ESTRADA VELHA DE GUARULHOS, 303;JARDIM ARAPONGA;GUARULHOS;SP;07271-390;AUTORIZADA;24/10/2003;10/09/2015;AUTORIZAÇÃO;AUTORIZAÇÃO DE EXERCÍCIO DE ATIVIDADE;908
1444;1005315244;05.315.244/0001-87;DANPETRO;DANPETRO DISTRIBUIDORA DE PETRÓLEO S.A.;RUA TAPIRAÍ, 300;HUMILDES;FEIRA DE SANTANA;BA;44135-000;AUTORIZADA;31/07/2008;14/10/2016;AUTORIZAÇÃO;AUTORIZAÇÃO DE EXERCÍCIO DE ATIVIDADE;521
1457;1069209575;69.209.575/0003-87;FERA;FERA LUBRIFICANTES LTDA.;RUA NEW JERSEY, 840;CENTRO INDUSTRIAL;ARUJA;SP;07400-000;AUTORIZADA;20/12/2004;04/11/2020;AUTORIZAÇÃO;AUTORIZAÇÃO DE EXERCÍCIO DE ATIVIDADE;784
1492;1006537572;06.537.572/0004-33;FGC;FGC DISTRIBUIDORA DE COMBUSTÍVEIS LTDA.;Avenida das Nações, 621 S;Menino Deus;LUCAS DO RIO VERDE;MT;78466-541;AUTORIZADA;11/05/2005;16/03/2023;AUTORIZAÇÃO;AUTORIZAÇÃO DE EXERCÍCIO DE ATIVIDADE;193
1041;1084634682;84.634.682/0001-84;PETRO AMAZON;PETRO AMAZON PETRÓLEO DA AMAZONIA LTDA;Rua   Lápis Lazúli, 14;Nossa Senhora das Graças;MANAUS;AM;69053-600;AUTORIZADA;23/09/2015;26/04/2023;AUTORIZAÇÃO;AUTORIZAÇÃO DE EXERCÍCIO DE ATIVIDADE;303
1093;1003933842;03.933.842/0001-94;ART PETRO;ART PETRO DISTRIBUIDORA DE COMBUSTÍVEIS LTDA.;AVENIDA MERCOSUL, S/N;PARQUE INDUSTRIAL III;NOVA ESPERANCA;PR;87600-000;AUTORIZADA;07/02/2002;17/12/2015;AUTORIZAÇÃO;AUTORIZAÇÃO DE EXERCÍCIO DE ATIVIDADE;1104
1133;1041080722;41.080.722/0001-80;DISLUB;DISLUB COMBUSTÍVEIS S/A;EST TDR NORTE, 3555;ZONA INDUSTRIAL DE SUAPE;CABO DE SANTO AGOSTINHO;PE;54590-000;AUTORIZADA;13/09/2024;13/09/2024;AUTORIZAÇÃO;AUTORIZAÇÃO DE EXERCÍCIO DE ATIVIDADE;555
324973;1007723581;07.723.581/0001-39;CRUZ DE MALTA;CRUZ DE MALTA DISTRIBUIDORA DE PETRÓLEO LTDA.;Avenida Senador Onofre Quinan, 763;CASCATA;PAULINIA;SP;13140-000;AUTORIZADA;05/07/2011;16/03/2016;AUTORIZAÇÃO;AUTORIZAÇÃO DE EXERCÍCIO DE ATIVIDADE;130
335179;1011989750;11.989.750/0001-54;76 OIL;76 OIL DISTRIBUIDORA DE COMBUSTÍVEIS S/A;RUA   02, 55;LOTEAMENTO FAZENDA CACHOEIRA;BARRA MANSA;RJ;27330-280;AUTORIZADA;07/11/2011;23/05/2017;AUTORIZAÇÃO;AUTORIZAÇÃO DE EXERCÍCIO DE ATIVIDADE;240
989;1007135653;07.135.653/0001-27;GRAN PETRO;GRAN PETRO DISTRIBUIDORA DE COMBUSTÍVEIS LTDA.;Rodovia   Hélio Smidt, S/N;Aeroporto;GUARULHOS;SP;07190-100;AUTORIZADA;14/10/2009;09/02/2017;AUTORIZAÇÃO;AUTORIZAÇÃO DE EXERCÍCIO DE ATIVIDADE;47
295927;1010806429;10.806.429/0001-24;TERRA BRASIL;TERRA BRASIL DISTRIBUIDORA DE PETRÓLEO LTDA;AVENIDA ULISSES POMPEU DE CAMPOS, 1.088;JARDIM AMERICA;VARZEA GRANDE;MT;78110-680;AUTORIZADA;06/07/2010;28/07/2017;AUTORIZAÇÃO;AUTORIZAÇÃO DE EXERCÍCIO DE ATIVIDADE;352
276066;1007489111;07.489.111/0001-52;ARAPETRO;ARAPETRO DISTRIBUIDORA DE PETRÓLEO LTDA.;RODOVIA BR 163, S/N;SETOR INDUSTRIAL;SINOP;MT;78550-000;AUTORIZADA;17/07/2018;17/07/2018;AUTORIZAÇÃO;AUTORIZAÇÃO DE EXERCÍCIO DE ATIVIDADE;606
390679;1011920216;11.920.216/0001-91;BIOSTRATUM;BIOSTRATUM DISTRIBUIDORA DE COMBUSTÍVEIS LTDA;RUA LUIZ FRANCESCHI, 666;THOMAZ COELHO;ARAUCARIA;PR;83707-072;AUTORIZADA;26/06/2023;12/09/2023;AUTORIZAÇÃO;AUTORIZAÇÃO DE EXERCÍCIO DE ATIVIDADE;708
296065;1009201095;09.201.095/0001-86;ALCOOLBRAS;ALCOOLBRAS - ÁLCOOL DO BRASIL DISTRIBUIDORA DE COMBUSTÍVEIS LTDA.;RUA JC-19, S/N.°;JARDIM CANEDO II;SENADOR CANEDO;GO;75250-000;AUTORIZADA;15/08/2013;26/08/2016;AUTORIZAÇÃO;AUTORIZAÇÃO DE EXERCÍCIO DE ATIVIDADE;413
1274;1001136600;01.136.600/0001-44;TRANSO;TRANSO COMBUSTÍVEIS LTDA;AVENIDA ESTOCOLMO, 1438;CASACATA;PAULINIA;SP;13140-000;AUTORIZADA;04/11/2015;04/11/2015;AUTORIZAÇÃO;AUTORIZAÇÃO DE EXERCÍCIO DE ATIVIDADE;1033
526051;1034226839;34.226.839/0001-64;PETRO NORTE;PETRO NORTE DISTRIBUIDORA DE PETROLEO LTDA;ROD TO-080 KM 45 + 300 MTS, S/N;LOTEAMENTO SANTA LUZIA;PARAISO DO TOCANTINS;TO;77600-000;AUTORIZADA;12/02/2021;12/02/2021;AUTORIZAÇÃO;AUTORIZAÇÃO DE EXERCÍCIO DE ATIVIDADE;89
354786;1013569712;13.569.712/0001-78;ECO BRASIL;ECO BRASIL DISTRIBUIDORA DE COMBUSTÍVEIS LTDA.;ENGENHO REDEMOINHO, S/N;CENTRO;CHA DE ALEGRIA;PE;55835-000;AUTORIZADA;21/06/2017;21/06/2017;AUTORIZAÇÃO;AUTORIZAÇÃO DE EXERCÍCIO DE ATIVIDADE;318
508124;7731864869;31.864.869/0001-08;BP COMERCILIZADORA;BP COMERCIALIZADORA DE ENERGIA LTDA;Avenida das Nações Unidas, 12.399;Brooklin Paulista;SAO PAULO;SP;04578-000;AUTORIZADA;04/09/2023;04/09/2023;AUTORIZAÇÃO;AUTORIZAÇÃO DE EXERCÍCIO DE ATIVIDADE;687
517123;1037020090;37.020.090/0001-92;PETRORIENTE;PETRORIENTE DISTRIBUIDORA DE COMBUSTIVEIS S.A;ROD DA BALSINHA, S/N;ZONA RURAL;IGUATEMI;MS;79960-000;AUTORIZADA;14/08/2020;14/08/2020;AUTORIZAÇÃO;AUTORIZAÇÃO DE EXERCÍCIO DE ATIVIDADE;568
318458;1005411176;05.411.176/0001-50;PARANAPANEMA;PARANAPANEMA DISTRIBUIDORA DE COMBUSTIVEIS EIRELI;RUA DOUTOR  ELI VOLPATO, 948;CHAPADA;ARAUCARIA;PR;83707-746;AUTORIZADA;11/08/2017;12/04/2011;AUTORIZAÇÃO;AUTORIZAÇÃO DE EXERCÍCIO DE ATIVIDADE;176
456022;3022355152;22.355.152/0001-40;J.R DISTRIBUIDORA;J.R DISTRIBUIDORA DE PETRÓLEO LTDA;RODOVIA ARTUR BERNARDES, S/N;MIRAMAR;BELEM;PA;66119-020;AUTORIZADA;11/03/2021;11/03/2021;AUTORIZAÇÃO;AUTORIZAÇÃO DE EXERCÍCIO DE ATIVIDADE;140
466741;1013622746;13.622.746/0001-89;MIDAS COMÉRCIO;MIDAS COMÉRCIO DE COMBUSTÍVEIS LTDA;ENGENHO REDEMOINHO, S/N°;ZONA RURAL;CHA DE ALEGRIA;PE;55835-000;AUTORIZADA;19/10/2023;19/10/2023;AUTORIZAÇÃO;AUTORIZAÇÃO DE EXERCÍCIO DE ATIVIDADE;800
588606;1039476085;39.476.085/0001-14;THEX;THEX COMBUSTIVEIS LTDA;ROD BR 226, 670;ZONA RURAL;TUNTUM;MA;65763-000;AUTORIZADA;09/12/2024;09/12/2024;AUTORIZAÇÃO;AUTORIZAÇÃO DE EXERCÍCIO DE ATIVIDADE;765
579989;1052028066;52.028.066/0001-93;TOP;TOP COMBUSTÍVEIS LTDA;Rua   Ganges, 30;Jardim Campestre;GUARULHOS;SP;07175-150;AUTORIZADA;26/04/2024;26/04/2024;AUTORIZAÇÃO;AUTORIZAÇÃO DE EXERCÍCIO DE ATIVIDADE;227
568612;1048700586;48.700.586/0001-23;CENTROESTE;CENTROESTE DISTRIBUICAO DE DERIVADOS DE PETROLEO S/A;Rua Brasil, 1150;Loteamento Alto da Glória;SINOP;MT;78558-490;AUTORIZADA;11/08/2023;11/08/2023;AUTORIZAÇÃO;AUTORIZAÇÃO DE EXERCÍCIO DE ATIVIDADE;609
1262;1002798067;02.798.067/0001-49;ECOLOGICA;ECOLÓGICA DISTRIBUIDORA DE COMBUSTÍVEIS LTDA.;PIONEIRA PIERINA CARNIEL MAZZER, 183;PARQUE INDUSTRIAL;MARINGA;PR;87065-070;AUTORIZADA;29/12/2020;29/12/2020;AUTORIZAÇÃO;AUTORIZAÇÃO DE EXERCÍCIO DE ATIVIDADE;931
1270;1000175884;00.175.884/0001-15;PETROSUL;PETROSUL DISTRIBUIDORA TRANSPORTADORA E COMÉRCIO DE COMBUSTÍVEIS LTDA;AVENIDA BRIGADEIRO LUIS ANTONIO, 290;BELA VISTA;SAO PAULO;SP;01318-000;AUTORIZADA;24/11/2017;24/11/2017;AUTORIZAÇÃO;AUTORIZAÇÃO DE EXERCÍCIO DE ATIVIDADE;798
1277;1001560835;01.560.835/0001-69;ISABELLA;COMÉRCIO DE DERIVADOS DE PETRÓLEO ISABELLA LTDA.;RUA CIANORTE, S/N;JARDIM PARANÁ;ASSIS CHATEAUBRIAND;PR;85935-000;AUTORIZADA;30/09/2015;30/09/2015;AUTORIZAÇÃO;AUTORIZAÇÃO DE EXERCÍCIO DE ATIVIDADE;956
1315;1001602498;01.602.498/0001-25;WALENDOWSKY;WALENDOWSKY DISTRIBUIDORA DE COMBUSTÍVEIS LTDA;RUA ALBERTO MULLER, 5.000;DISTRITO DE LIMEIRA;BRUSQUE;SC;88356-001;AUTORIZADA;28/10/2015;28/10/2015;AUTORIZAÇÃO;AUTORIZAÇÃO DE EXERCÍCIO DE ATIVIDADE;1023
1378;1002044526;02.044.526/0001-07;SMALL;SMALL DISTRIBUIDORA DE DERIVADOS DE PETRÓLEO LTDA.;ANTONIO FADIN, 751;BONFIM;PAULINIA;SP;13140-000;AUTORIZADA;30/03/2016;30/03/2016;AUTORIZAÇÃO;AUTORIZAÇÃO DE EXERCÍCIO DE ATIVIDADE;174
1435;1002913444;02.913.444/0015-49;REDE SOL FUEL;REDE SOL FUEL DISTRIBUIDORA S/A.;Avenida Braz Olaia Acosta, 727;Jardim Califórnia;RIBEIRAO PRETO;SP;14026-040;AUTORIZADA;28/02/2018;28/02/2018;AUTORIZAÇÃO;AUTORIZAÇÃO DE EXERCÍCIO DE ATIVIDADE;147
1562;1005552292;05.552.292/0001-99;ATLÂNTICA;ATLÂNTICA PRODUTOS DE PETRÓLEO LTDA.;RUA NOVE, S/N;CIVIT II;SERRA;ES;29168-322;AUTORIZADA;10/04/2006;23/05/2017;AUTORIZAÇÃO;AUTORIZAÇÃO DE EXERCÍCIO DE ATIVIDADE;241
1074;1002368373;02.368.373/0001-45;MASUT DISTRIBUIDORA;DISTRIBUIDORA DE COMBUSTIVEIS MASUT LTDA;AVENIDA AIRTON BORGES DA SILVA, 2543;TAIAMAM;UBERLANDIA;MG;38402-100;AUTORIZADA;25/11/2015;25/11/2015;AUTORIZAÇÃO;AUTORIZAÇÃO DE EXERCÍCIO DE ATIVIDADE;1074
1119;1000828887;00.828.887/0001-00;PELIKANO;PELIKANO DISTRIBUIDORA DE PETRÓLEO LTDA;RUA LUIZ FRANCESCHI, 666;THOMAZ COELHO;ARAUCARIA;PR;83707-070;AUTORIZADA;02/09/2016;02/09/2016;AUTORIZAÇÃO;AUTORIZAÇÃO DE EXERCÍCIO DE ATIVIDADE;430
1159;5023314594;23.314.594/0001-00;ALE;ALE COMBUSTIVEIS S.A.;RUA   MANOEL DE CASTRO, 1170;CANDELARIA;NATAL;RN;59064-010;AUTORIZADA;21/03/2016;21/03/2016;AUTORIZAÇÃO;AUTORIZAÇÃO DE EXERCÍCIO DE ATIVIDADE;156
327696;1013485658;13.485.658/0006-97;BIOPETRÓLEO;BIOPETRÓLEO DO BRASIL DISTRIBUIDORA DE COMBUSTÍVEIS LTDA;Avenida José Rocha Bomfim, 214, 214;Loteamento Center Santa Genebra;CAMPINAS;SP;13080-900;AUTORIZADA;05/05/2011;26/07/2024;AUTORIZAÇÃO;AUTORIZAÇÃO DE EXERCÍCIO DE ATIVIDADE;433
329700;1010767247;10.767.247/0001-91;RUMOS;RUMOS DISTRIBUIDORA DE PETROLEO S/A;Via   José Luiz Galvão, 2200;Bom Jesus;RIBEIRAO PRETO;SP;14058-000;AUTORIZADA;06/12/2011;27/09/2016;AUTORIZAÇÃO;AUTORIZAÇÃO DE EXERCÍCIO DE ATIVIDADE;480
292114;1011441933;11.441.933/0001-30;ARAGUAIA;ARAGUAIA DISTRIBUIDORA DE COMBUSTÍVEIS S.A;AV. PROFESSORA GABRIELA CORREIA DE MIRANDA, S/Nº;DISTRITO INDUSTRIAL BRASIL CENTRAL;SENADOR CANEDO;GO;72250-000;AUTORIZADA;04/05/2010;03/04/2017;AUTORIZAÇÃO;AUTORIZAÇÃO DE EXERCÍCIO DE ATIVIDADE;132
359325;1014546191;14.546.191/0001-04;STOCK;STOCK DISTRIBUIDORA DE PETRÓLEO LTDA;Rua   Ganges, 30;Jardim Campestre;GUARULHOS;SP;07175-150;AUTORIZADA;20/04/2012;26/09/2023;AUTORIZAÇÃO;AUTORIZAÇÃO DE EXERCÍCIO DE ATIVIDADE;743
549947;1036357116;36.357.116/0001-20;PHAENARETE;PHAENARETE DISTRIBUIDORA DE COMBUSTIVEIS LTDA;RUA BRASIL ALTO FURQUINI, 401;DIST IND ADIB RASSI;JARDINOPOLIS;SP;14690-000;AUTORIZADA;05/05/2022;05/05/2022;AUTORIZAÇÃO;AUTORIZAÇÃO DE EXERCÍCIO DE ATIVIDADE;266
1292;1085491074;85.491.074/0001-20;PETROALCOOL;PETROALCOOL DISTRIBUIDORA DE PETRÓLEO LTDA.;Rua   Quinze de Novembro, 226;Campina;BELEM;PA;66013-060;AUTORIZADA;29/05/2023;17/02/2020;AUTORIZAÇÃO;AUTORIZAÇÃO DE EXERCÍCIO DE ATIVIDADE;86
548708;1014385558;14.385.558/0001-47;REAL;REAL DISTRIBUIDORA DE PETROLEO LTDA;ROD DA BALSINHA - KM 18, SN;ZONA RURAL;IGUATEMI;MS;79960-000;AUTORIZADA;13/04/2022;13/04/2022;AUTORIZAÇÃO;AUTORIZAÇÃO DE EXERCÍCIO DE ATIVIDADE;212
327063;1010911906;10.911.906/0001-11;AGILE;AGILE LOGISTICA E DISTRIBUIÇÃO DE COMBUSTÍVEIS LTDA;AV. GUARANÁ, 1446;CASCATA;PAULINIA;SP;13140-000;AUTORIZADA;04/06/2019;03/10/2019;AUTORIZAÇÃO;AUTORIZAÇÃO DE EXERCÍCIO DE ATIVIDADE;729
560759;1048580847;48.580.847/0001-19;AVANT;AVANT COMBUSTIVEIS LTDA;ROD DA BALSINHA, S/N;ZONA RURAL;IGUATEMI;MS;79960-000;AUTORIZADA;13/04/2023;13/04/2023;AUTORIZAÇÃO;AUTORIZAÇÃO DE EXERCÍCIO DE ATIVIDADE;267
526298;1035220232;35.220.232/0001-30;ALLGREEN;ALLGREEN DISTRIBUIDORA DE COMBUSTÍVEIS LTDA.;FAZENDA SITIO, S/N;ZONA RURAL;UNIAO;PI;64120-000;AUTORIZADA;19/02/2021;19/02/2021;AUTORIZAÇÃO;AUTORIZAÇÃO DE EXERCÍCIO DE ATIVIDADE;105
1388;1001382912;01.382.912/0001-38;ASPEN;ASPEN DISTRIBUIDORA DE COMBUSTÍVEIS LTDA;Rua BarãodeMelgaço, 2350;Centro-Sul;CUIABA;MT;78020-800;AUTORIZADA;21/09/2009;21/09/2009;AUTORIZAÇÃO;;441
584304;1027043065;27.043.065/0001-70;PETRUS;PETRUS COMBUSTIVEIS S/A;Avenida Airton Borges da Silva, 1279;Distrito Industrial;UBERLANDIA;MG;38402-333;AUTORIZADA;22/08/2024;22/08/2024;AUTORIZAÇÃO;AUTORIZAÇÃO DE EXERCÍCIO DE ATIVIDADE;486
172;0071770689;71.770.689/0001-81;TOTALENERGIES;TOTALENERGIES DISTRIBUIDORA BRASIL LTDA;AVENIDA TOBIAS SALGADO, 45;DISTRITO INDUSTRIAL;PINDAMONHANGABA;SP;12412-770;AUTORIZADA;02/12/2019;02/12/2019;AUTORIZAÇÃO;AUTORIZAÇÃO DE EXERCÍCIO DE ATIVIDADE;899
883;1001973067;01.973.067/0008-41;AMERICANOIL;AMERICANOIL DISTRIBUIDORA DE DERIVADOS DE PETRÓLEO LTDA.;Rua Doutor  Eli Volpato, 600;Chapada;ARAUCARIA;PR;83707-746;AUTORIZADA;21/10/2015;14/10/2022;AUTORIZAÇÃO;AUTORIZAÇÃO DE EXERCÍCIO DE ATIVIDADE;754
1224;1002909530;02.909.530/0003-44;FEDERAL ENERGIA;FEDERAL ENERGIA S/A;Avenida Antônio de Góes, 183;Pina;RECIFE;PE;51110-000;AUTORIZADA;03/12/2015;03/12/2015;AUTORIZAÇÃO;AUTORIZAÇÃO DE EXERCÍCIO DE ATIVIDADE;1084
1309;1003987364;03.987.364/0001-03;ATEM' S;ATEM' S DISTRIBUIDORA DE PETRÓLEO S.A.;RUA PAJURÁ, 103;VILA BURITI;MANAUS;AM;69075-905;AUTORIZADA;13/06/2002;23/09/2015;AUTORIZAÇÃO;AUTORIZAÇÃO DE EXERCÍCIO DE ATIVIDADE;937
1383;1003016811;03.016.811/0001-79;PETROLUZ;PETROLUZ DISTRIBUIDORA LTDA.;AVENIDA GOVERNADOR JÚLIO CAMPOS, 7435;JARDIM ELDORADO;VARZEA GRANDE;MT;78150-000;AUTORIZADA;20/12/2001;01/09/2015;AUTORIZAÇÃO;AUTORIZAÇÃO DE EXERCÍCIO DE ATIVIDADE;883
1451;1003565937;03.565.937/0001-00;D`MAIS;D`MAIS DISTRIBUIDORA DE PETRÓLEO LTDA.;AVENIDA SENADOR ONOFRE QUINAN, 763;CASCATA;PAULINIA;SP;13140-000;AUTORIZADA;28/10/2004;21/10/2016;AUTORIZAÇÃO;AUTORIZAÇÃO DE EXERCÍCIO DE ATIVIDADE;540
1566;1060546801;60.546.801/0001-89;BETUNEL;BETUNEL INDUSTRIA E COMERCIO S/A;FERNANDO MATTOS, 270;BARRA DA TIJUCA;RIO DE JANEIRO;RJ;22621-090;AUTORIZADA;28/08/2018;28/08/2018;AUTORIZAÇÃO;AUTORIZAÇÃO DE EXERCÍCIO DE ATIVIDADE;979
1573;1007520438;07.520.438/0001-40;RODOIL;RODOIL DISTRIBUIDORA DE COMBUSTÍVEIS LTDA;ESTRADA RSC 453, 1.400;MEDIANEIRA;CAXIAS DO SUL;RS;95112-360;AUTORIZADA;01/02/2018;01/02/2018;AUTORIZAÇÃO;AUTORIZAÇÃO DE EXERCÍCIO DE ATIVIDADE;62
1094;1001804345;01.804.345/0001-60;ESTRADA;ESTRADA DISTRIBUIDORA DE DERIVADOS DE PETRÓLEO LTDA.;BR 277 KM 579, S/N;CENTRALITO;CASCAVEL;PR;85802-970;AUTORIZADA;18/11/2015;18/11/2015;AUTORIZAÇÃO;AUTORIZAÇÃO DE EXERCÍCIO DE ATIVIDADE;1062
1137;1005068412;05.068.412/0001-87;RODOPETRO;RODOPETRO DISTRIBUIDORA DE PETRÓLEO LTDA.;ESTRADA VELHA DO PILAR, 3355;CHACARA RIO PETROLPOLIS;DUQUE DE CAXIAS;RJ;25243-260;AUTORIZADA;19/10/2017;19/10/2017;AUTORIZAÇÃO;AUTORIZAÇÃO DE EXERCÍCIO DE ATIVIDADE;690
1160;1076994177;76.994.177/0001-12;UNI;UNI COMBUSTÍVEIS LTDA;ESTRADA DA GRACIOSA, 2.700;VILA CAROLINA;PINHAIS;PR;83327-000;AUTORIZADA;21/10/2015;25/09/2024;AUTORIZAÇÃO;AUTORIZAÇÃO DE EXERCÍCIO DE ATIVIDADE;597
1691;1002924588;02.924.588/0001-03;PETROEXPRESS;PETROEXPRESS DISTRIBUIDORA DE COMBUSTÍVEIS E DERIVADOS DE PETRÓLEO LTDA.;Avenida   Ricardo Alvarez Ocampo, 2460;Residencial Cidade Jardim;PEDERNEIRAS;SP;17280-600;AUTORIZADA;08/12/2008;21/08/2015;AUTORIZAÇÃO;AUTORIZAÇÃO DE EXERCÍCIO DE ATIVIDADE;865
262052;1009056321;09.056.321/0001-82;RZD DISTRIBUIDORA;RZD DISTRIBUIDORA DE DERIVADOS DE PETRÓLEO LTDA.;Rua   Pajurá, 895;Vila Buriti;MANAUS;AM;69072-065;AUTORIZADA;09/03/2009;29/10/2020;AUTORIZAÇÃO;AUTORIZAÇÃO DE EXERCÍCIO DE ATIVIDADE;781
278291;1006983874;06.983.874/0005-16;GOL COMBUSTÍVEIS;GOL COMBUSTÍVEIS S.A;Rua   Madri, 350;Jardim Arapongas;GUARULHOS;SP;07210-090;AUTORIZADA;12/11/2009;24/02/2021;AUTORIZAÇÃO;AUTORIZAÇÃO DE EXERCÍCIO DE ATIVIDADE;114
359692;1009059136;09.059.136/0001-41;NIMO ENERGIA;NIMO ENERGIA * DISTRIBUIDORA E COMERCIO DE COMBUSTIVEIS LIMITADA;VIA JOSE LUIZ GALVAO, 2200;BOM JESUS;RIBEIRAO PRETO;SP;14058-000;AUTORIZADA;05/10/2012;22/05/2023;AUTORIZAÇÃO;AUTORIZAÇÃO DE EXERCÍCIO DE ATIVIDADE;373
333564;1013210610;13.210.610/0001-61;MAXXI;MAXXI DISTRIBUIDORA DE PETRÓLEO LTDA.;Avenida Getúlio Vargas, 792;Centro;FEIRA DE SANTANA;BA;44001-496;AUTORIZADA;13/02/2017;25/04/2023;AUTORIZAÇÃO;AUTORIZAÇÃO DE EXERCÍCIO DE ATIVIDADE;296
548695;1042877368;42.877.368/0001-82;MAXIMUS DISTRIBUIDORA;MAXIMUS DISTRIBUIDORA DE COMBUSTIVEIS LTDA;ROD DA BALSINHA, SN;ZONA RURAL;IGUATEMI;MS;79960-000;AUTORIZADA;13/04/2022;13/04/2022;AUTORIZAÇÃO;AUTORIZAÇÃO DE EXERCÍCIO DE ATIVIDADE;211
1503;1006031802;06.031.802/0001-45;MINUANO;MINUANO PETRÓLEO LTDA.;Rua   Miguel de Cervantes, 365;Campos Elíseos;DUQUE DE CAXIAS;RJ;25225-762;AUTORIZADA;31/03/2017;31/03/2017;AUTORIZAÇÃO;AUTORIZAÇÃO DE EXERCÍCIO DE ATIVIDADE;131
558368;1042131148;42.131.148/0001-05;VMR;VMR DISTRIBUIDORA DE COMBUSTIVEIS E LUBRIFICANTES LTDA.;Estrada   Guarulhos São Miguel, 375;Jardim Santo Afonso;GUARULHOS;SP;07215-240;AUTORIZADA;18/01/2023;18/01/2023;AUTORIZAÇÃO;AUTORIZAÇÃO DE EXERCÍCIO DE ATIVIDADE;41
319031;1010354704;10.354.704/0006-20;ALPES;ALPES DISTRIBUIDORA DE PETRÓLEO LTDA.;ROD DA BALSINHA, S/N;Centro;IGUATEMI;MS;79960-000;AUTORIZADA;04/10/2017;24/12/2020;AUTORIZAÇÃO;AUTORIZAÇÃO DE EXERCÍCIO DE ATIVIDADE;926
542304;1037579639;37.579.639/0001-83;SAFRA;SAFRA DISTRIBUIDORA DE PETROLEO LTDA;ROD DA BALSINHA, SN;ZONA RURAL;IGUATEMI;MS;79960-000;AUTORIZADA;20/02/2024;20/02/2024;AUTORIZAÇÃO;AUTORIZAÇÃO DE EXERCÍCIO DE ATIVIDADE;100
584968;1052467942;52.467.942/0001-88;SOLIS PETRO;SOLIS PETRO - TRADING E DISTRIBUIDORA DE COMBUSTIVEIS LTDA;FAZ ENGENHO REDEMOINHO, S/N;Centro;CHA DE ALEGRIA;PE;55835-000;AUTORIZADA;09/09/2024;09/09/2024;AUTORIZAÇÃO;AUTORIZAÇÃO DE EXERCÍCIO DE ATIVIDADE;538
